INSERT INTO INFLUENCER
	(AdminID, Password, Nickname, Height, Weight) 
    VALUES('woojoo123','woojoo123','woojoo', 180, 75);
    
INSERT INTO INFLUENCER
	(AdminID, Password, Nickname, Height, Weight) 
    VALUES('toybox505','toybox505','toybox', 185, 78);
    
INSERT INTO STYLE
	(ADMIN_AdminID, Description) 
    VALUES('woojoo123', 'Street Style you can be a hiphop');
    
INSERT INTO STYLE
	(ADMIN_AdminID, Description) 
    VALUES('woojoo123', 'great outfit for school opening day');
    
INSERT INTO STYLE
	(ADMIN_AdminID, Description) 
    VALUES('woojoo123', 'Today is dancing day, you can wear training outfit');
    
INSERT INTO STYLE
	(ADMIN_AdminID, Description) 
    VALUES('toybox505', 'Street sytle can be FLEX BBAGGEU');
    
INSERT INTO STYLE
	(ADMIN_AdminID, Description) 
    VALUES('toybox505', 'Classic is the best fashion');

INSERT INTO STYLE
	(ADMIN_AdminID, Description) 
    VALUES('woojoo123', 'Ohmygod so fancy');
INSERT INTO STYLE
	(ADMIN_AdminID, Description) 
    VALUES('woojoo123', 'Fantastic beautiful');
INSERT INTO STYLE
	(ADMIN_AdminID, Description) 
    VALUES('woojoo123', 'Holy Joly Merry Christmas');
    
INSERT INTO STYLE
	(ADMIN_AdminID, Description) 
    VALUES('toybox505', 'Feliz Navidad');
INSERT INTO STYLE
	(ADMIN_AdminID, Description) 
    VALUES('toybox505', 'Classic is the only way');
INSERT INTO STYLE
	(ADMIN_AdminID, Description) 
    VALUES('toybox505', 'Seungsu so handsome');
INSERT INTO STYLE
	(ADMIN_AdminID, Description) 
    VALUES('toybox505', 'jeonghyun the cutest..');
    
INSERT INTO STYLE_has_Product
	(STYLE_StyleID, PRODUCT_ProductName) 
    VALUES(1, 'CK M2M');
    
INSERT INTO STYLE_has_Product
	(STYLE_StyleID, PRODUCT_ProductName) 
    VALUES(1, 'PLAC Jean');

INSERT INTO STYLE_has_Product
	(STYLE_StyleID, PRODUCT_ProductName) 
    VALUES(2, 'Checkhoodover');
    
INSERT INTO STYLE_has_Product
	(STYLE_StyleID, PRODUCT_ProductName) 
    VALUES(2, 'Taperdeuropants');
    
INSERT INTO STYLE_has_Product
	(STYLE_StyleID, PRODUCT_ProductName) 
    VALUES(2, 'Beanpoleback');
    
INSERT INTO STYLE_has_Product
	(STYLE_StyleID, PRODUCT_ProductName) 
    VALUES(3, 'CK M2M');
    
INSERT INTO STYLE_has_Product
	(STYLE_StyleID, PRODUCT_ProductName) 
    VALUES(3, 'Essential3Swind');
    
INSERT INTO STYLE_has_Product
	(STYLE_StyleID, PRODUCT_ProductName) 
    VALUES(4, 'Checkhoodover');
    
INSERT INTO STYLE_has_Product
	(STYLE_StyleID, PRODUCT_ProductName) 
    VALUES(4, 'PLAC Jean');
    
INSERT INTO STYLE_has_Product
	(STYLE_StyleID, PRODUCT_ProductName) 
    VALUES(5, 'Avotlopper');
    
INSERT INTO STYLE_has_Product
	(STYLE_StyleID, PRODUCT_ProductName) 
    VALUES(5, 'CK M2M');

INSERT INTO STYLE_has_Product
	(STYLE_StyleID, PRODUCT_ProductName) 
    VALUES(6, '3daemeot');
INSERT INTO STYLE_has_Product
	(STYLE_StyleID, PRODUCT_ProductName) 
    VALUES(6, 'nikebaji');
    
INSERT INTO STYLE_has_Product
	(STYLE_StyleID, PRODUCT_ProductName) 
    VALUES(7, 'Covernantbag');
INSERT INTO STYLE_has_Product
	(STYLE_StyleID, PRODUCT_ProductName) 
    VALUES(7, 'beigeshirets');
    
INSERT INTO STYLE_has_Product
	(STYLE_StyleID, PRODUCT_ProductName) 
    VALUES(8, 'Covernatbbbag');
INSERT INTO STYLE_has_Product
	(STYLE_StyleID, PRODUCT_ProductName) 
    VALUES(8, 'browncorduroy');
    
INSERT INTO STYLE_has_Product
	(STYLE_StyleID, PRODUCT_ProductName) 
    VALUES(9, 'checkgurl');
INSERT INTO STYLE_has_Product
	(STYLE_StyleID, PRODUCT_ProductName) 
    VALUES(9, 'Cottonfatigue');    
    
INSERT INTO STYLE_has_Product
	(STYLE_StyleID, PRODUCT_ProductName) 
    VALUES(10, 'Dailychino');
INSERT INTO STYLE_has_Product
	(STYLE_StyleID, PRODUCT_ProductName) 
    VALUES(10, '10willjacket');
    
INSERT INTO STYLE_has_Product
	(STYLE_StyleID, PRODUCT_ProductName) 
    VALUES(11, 'Fishtailcoat');
INSERT INTO STYLE_has_Product
	(STYLE_StyleID, PRODUCT_ProductName) 
    VALUES(11, 'whitemul');
    
INSERT INTO STYLE_has_Product
	(STYLE_StyleID, PRODUCT_ProductName) 
    VALUES(12, 'brownboots');
INSERT INTO STYLE_has_Product
	(STYLE_StyleID, PRODUCT_ProductName) 
    VALUES(12, 'Pontesinglecoat');